positionid,title
1,President & CEO
2,Chief Financial Officer
3,Chief Operations Officer
4,Chief Information Officer
5,Administrative Assistent
6,Vice President - Finance
7,Vice President - Human Resources
8,Vice President - Operations
9,Vice President - Information Systems
10,Finance Manager
11,Pricing Manager
12,Human Resources Manager
13,Operations Manager
14,Information Systems Manager
15,Information Systems Manager
16,Account Rep - I
17,Recruiter
18,Fleet Manager
19,Project Manager
20,Senior Programmer
21,Tech Lead
22,Programmer
